{
  "N": 1000000,
  "K": 200000,
  "D": 512,
  "B": 1,
  "dtype": "fp16",
  "BLOCK_N": 128,
  "BLOCK_K": 64,
  "num_warps": 8,
  "num_stages": 1,
  "time_ms": 577.16357421875,
  "tuning_seconds": 367.16194319725037
}